{
    "$schema": "https://schema.management.azure.com/schemas/2015-01-01/deploymentParameters.json#",
    "contentVersion": "1.0.0.0",
    "parameters": {
      "resourceGroupName": {
        "value": "OSSDBMigration"
      },
      "virtualNetworkName": {
        "value": "OSSDBMigrationNet"
      },
      "subnetName": {
        "value": "OSSDBMigrationSNet"
      },
      "clusterName": {
        "value": "ossdbmigration"
      },
      "maxPods": {
        "value": 64
      },
      "systemPoolNodeCount": {
        "value": 1
      },
      "systemPoolNodeType": {
        "value": "Standard_B4ms"
      },
      "agentPoolNodeCount": {
        "value": 1
      },
      "agentPoolNodeType": {
        "value": "Standard_B4ms"
      },
      "location": {
        "value": "westus"
      },
      "dnsPrefix": {
        "value": "ossdbmigration-dns"
      },
      "kubernetesVersion": {
        "value": "1.19.6"
      },
      "networkPlugin": {
        "value": "azure"
      },
      "enableRBAC": {
        "value": true
      },
      "enablePrivateCluster": {
        "value": false
      },
      "enableHttpApplicationRouting": {
        "value": false
      },
      "enableAzurePolicy": {
        "value": false
      },
      "serviceCidr": {
        "value": "10.71.0.0/16"
      },
      "dnsServiceIP": {
        "value": "10.71.0.3"
      },
      "dockerBridgeCidr": {
        "value": "172.17.0.1/16"
      },
      "addressSpaces": {
        "value": [
          "10.250.0.0/16"
        ]
      },
      "subnetAddressSpace": {
        "value": "10.250.0.0/20"
      },
      "ddosProtectionPlanEnabled": {
        "value": false
      },
      "workspaceName": {
        "value": "OSSDBMigrationWS"
      },
      "workspaceRegion": {
        "value": "westus"
      }
    }
  }
